t,choke_cmd,Q,WHP,FLP,BHP,target_Q,predicted_Q,reason,n_feasible,n_candidates
0,5.0,18.830156684255577,2687.310243042949,238.18346563971426,4435.927771771421,120.0,19.279911455693934,max_safe_rate,11,11
1,10.0,40.51411159654096,2586.3338890120835,282.2707387885409,4395.475059690498,120.0,40.616908722033344,max_safe_rate,21,21
2,15.0,61.98861274242556,2504.1942817854806,324.69352373087986,4295.56018987584,120.0,62.170174431885044,max_safe_rate,21,21
3,20.0,82.58542493079266,2376.3845535410296,366.46946299818813,4251.638086600933,120.0,82.62717154944012,max_safe_rate,21,21
4,25.0,101.4925451983724,2284.264102893169,405.63736309160606,4191.999229915422,120.0,101.8510113642239,max_safe_rate,21,21
5,30.0,119.11288131917549,2199.2783437505204,439.9047700565972,4149.462576794038,120.0,119.4354479126132,target_achieved,21,21
6,25.0,128.31584485410886,2164.394363589763,460.98724043429166,4107.481524906228,120.0,128.00615271174615,target_achieved,21,21
7,20.0,129.451883510876,2142.3261106625414,460.98400153995277,4133.851167187967,120.0,130.12016182572793,target_achieved,21,21
8,15.0,125.85884459300806,2161.2298846494505,449.9984286028467,4135.617618861823,120.0,125.85322892162894,target_achieved,21,21
9,12.0,120.13695085619601,2207.5181651272687,437.9222123370778,4145.730384170068,120.0,119.81327175840303,target_achieved,21,21
10,16.0,119.8492932030017,2203.509728495245,441.4740418621446,4145.2909364547095,120.0,120.26039283887047,target_achieved,21,21
11,16.0,120.24875225087892,2201.533933520976,440.31948700928797,4153.543341021307,120.0,120.05441828375783,target_achieved,21,21
12,15.5,118.48145799853198,2199.723314196113,437.67027914752487,4128.715939721457,120.0,119.80627570146865,target_achieved,21,21
13,17.0,120.41599964837805,2213.5131797787926,439.2539044108177,4158.289254016284,120.0,120.11885041380206,target_achieved,21,21
14,15.5,118.87249446138526,2196.909185995516,440.1202971028395,4152.492196234979,120.0,119.92603162630184,target_achieved,21,21
15,16.5,120.87061204458269,2206.5065310479317,440.1158688343101,4129.105475763902,120.0,119.88087578809007,target_achieved,21,21
16,15.5,120.29504866528654,2198.988597226941,436.7586847771871,4117.193629987461,120.0,120.25155255375546,target_achieved,21,21
17,15.5,118.75901408737768,2208.9398659367666,438.9273540518031,4156.377713634489,120.0,119.83942581325962,target_achieved,21,21
18,16.5,119.77480018440093,2201.587720552419,441.43893109254935,4133.503016098471,120.0,119.79961923436844,target_achieved,21,21
19,16.0,120.29648523682395,2192.607339782661,439.24593833851674,4132.0310466619485,120.0,120.00107825892309,target_achieved,21,21
20,15.5,118.76590931846522,2207.961495454159,437.93036581029173,4141.817808401832,120.0,119.84045445678785,target_achieved,21,21
21,16.5,120.44385852360041,2204.134922912425,441.77495455575297,4137.496465929551,120.0,119.8045564996902,target_achieved,21,21
22,15.5,119.32228688217182,2201.245417718084,435.44576349685605,4111.309453035583,120.0,119.9459797116948,target_achieved,21,21
23,16.5,119.42805673371197,2187.9200867521727,441.3267000413491,4120.590157494653,120.0,120.20294541751159,target_achieved,21,21
24,16.0,119.93269575815879,2213.4868396363413,439.53544085970543,4154.7851165147895,120.0,119.7527958746347,target_achieved,21,21
25,16.0,119.5538647885726,2197.1679241866345,438.1380034778253,4132.638887313785,120.0,120.11413789838647,target_achieved,21,21
26,16.0,120.58662295042993,2180.592554623037,441.12027494834444,4144.674554770577,120.0,119.84287954820206,target_achieved,21,21
27,15.5,119.16802674729573,2186.460623125598,439.2045408714376,4130.466413285881,120.0,120.04820483581574,target_achieved,21,21
28,16.5,120.32552302467818,2199.3117658687793,443.8982905975168,4134.488901471295,120.0,120.09248889984244,target_achieved,21,21
29,15.5,118.98530054224922,2203.9871445585386,439.6777837071118,4169.351376929941,120.0,119.86124669147486,target_achieved,21,21
30,16.5,120.74095970084252,2202.728973119076,443.7005529884153,4114.680178330514,120.0,119.96164952055275,target_achieved,21,21
31,15.5,119.25276889006629,2191.621951576639,438.41474689919835,4112.588707614788,120.0,120.15871621331868,target_achieved,21,21
32,16.5,120.648142206081,2196.2259980971367,437.2927232386531,4118.182949624345,120.0,120.1531677135734,target_achieved,21,21
33,15.5,119.84259029078525,2210.951506821498,443.6959652106165,4201.366963015825,120.0,120.09225511980046,target_achieved,21,21
34,16.0,120.0009464815435,2190.3449006323285,434.82039433291317,4146.284180878323,120.0,120.0496187265536,target_achieved,21,21
35,16.0,119.33583805044938,2196.3148170734526,438.300236727502,4137.616606268937,120.0,120.16300818648475,target_achieved,21,21
36,16.5,121.04222781568386,2199.7234366483067,440.4513780680537,4117.366674009439,120.0,120.21264860401203,target_achieved,21,21
37,15.0,118.20864894178463,2198.606884427305,438.29573909999755,4178.996732412163,120.0,119.83157411344742,target_achieved,21,21
38,17.0,120.55703373032534,2208.405590700488,439.85627486433975,4114.044498092501,120.0,119.92350805641907,target_achieved,21,21
39,15.5,119.22903936249485,2192.9831225903667,444.2928871649305,4123.573383193345,120.0,120.02701775325599,target_achieved,21,21
40,16.5,120.89397818057951,2188.130324026687,442.8315922762738,4146.798479138385,120.0,120.1361764087001,target_achieved,21,21
41,15.5,119.64940782423005,2200.8354033488863,438.0475274970329,4150.005844617052,120.0,120.26828365551202,target_achieved,21,21
42,16.0,119.54341571252077,2187.4327624855764,436.82286327892723,4144.125084712348,120.0,119.9112922396258,target_achieved,21,21
43,16.0,120.8145627882732,2202.4196898365476,439.47545022386316,4146.312719213129,120.0,119.83539758564268,target_achieved,21,21
44,15.5,120.14928817783512,2205.5676522280864,437.83815440418397,4164.801227019496,120.0,120.21141901131517,target_achieved,21,21
45,15.5,119.26785864703322,2221.8676149193307,438.4267493162363,4117.597193776985,120.0,119.73505538812952,target_achieved,21,21
46,16.5,119.0003347861098,2219.0676416972055,443.42895987987913,4136.823470714668,120.0,120.16397259202355,target_achieved,21,21
47,16.5,120.16776289957191,2214.069136438976,438.35696595234566,4120.289182088849,120.0,119.97241464936559,target_achieved,21,21
48,15.5,120.13496262699736,2196.908017892497,439.48828759730645,4137.366804197758,120.0,119.74828403874358,target_achieved,21,21
49,16.0,120.02294550416823,2216.385092368466,439.84053118898015,4153.869154647153,120.0,120.25896918606617,target_achieved,21,21
50,16.0,118.6427420596882,2200.1062992274315,437.8890334681938,4115.153635779006,120.0,120.17876037957862,target_achieved,21,21
51,17.0,120.42375985750928,2191.5583991981957,443.9334185700344,4109.698136902382,120.0,120.23433634777433,target_achieved,21,21
52,15.5,120.16685474715217,2193.933667570378,439.5755389812745,4160.309494701286,120.0,119.93158825101054,target_achieved,21,21
53,15.5,119.89236302259117,2216.8724897010215,438.8020488023764,4126.877558995697,120.0,119.74763376475104,target_achieved,21,21
54,16.0,119.55838559177847,2204.2075470757904,439.7726312490061,4118.471093216065,120.0,120.08525802269824,target_achieved,21,21
55,16.0,119.83375796014144,2203.6139502396663,445.0920211136975,4179.518197838363,120.0,119.84611662678745,target_achieved,21,21
56,16.0,119.33077841638148,2197.6273953207983,436.46684025462105,4128.244813542736,120.0,120.04329441932671,target_achieved,21,21
57,16.5,120.60425603749694,2211.180705252725,439.2214741153285,4125.22051522276,120.0,120.2090257006594,target_achieved,21,21
58,15.5,118.47528471835815,2199.4042376955936,437.1874127262714,4129.755427175793,120.0,120.06083084184601,target_achieved,21,21
59,17.0,120.34575759405335,2194.586608303591,437.869031784715,4107.024293724727,120.0,120.114430094637,target_achieved,21,21
60,15.5,121.37027886645467,2185.3825359176726,437.76957291935634,4177.746320579151,120.0,119.87573546442653,target_achieved,21,21
61,15.0,120.71389272906475,2192.15512019905,437.1647620906449,4150.118635733674,120.0,120.0664719807088,target_achieved,21,21
62,15.5,119.76372454701735,2195.4263271448144,436.93832369790124,4159.89335240707,120.0,120.13933516293372,target_achieved,21,21
63,16.0,119.35421425358341,2200.3771695706596,437.8974426002123,4114.235035499658,120.0,119.99314765301938,target_achieved,21,21
64,16.5,119.73642402235596,2197.6730110496765,440.2688620461443,4128.866167007881,120.0,120.22580671130785,target_achieved,21,21
65,16.0,120.19615084733549,2211.5749065451114,440.168673638417,4147.541518912671,120.0,119.97359936929033,target_achieved,21,21
66,15.5,119.43398319694901,2202.989685301401,437.22138316110284,4148.347522418485,120.0,119.76861096155002,target_achieved,21,21
67,16.0,119.51352897373788,2225.1888014360125,442.5980271696734,4149.27442478219,120.0,119.75703946285523,target_achieved,21,21
68,16.0,119.23644089908547,2189.2894173009117,442.00306759092,4146.360805519133,120.0,119.81399746763361,target_achieved,21,21
69,16.5,120.59633900128871,2179.2853927719843,442.6582460760687,4148.4818607765865,120.0,120.14147620931195,target_achieved,21,21
70,15.5,119.02011418979623,2196.386401544119,439.94858928445063,4142.032446216356,120.0,120.05516192258492,target_achieved,21,21
71,16.5,120.12569347412699,2197.355226225077,440.04776329798636,4142.253044558881,120.0,119.98657750520991,target_achieved,21,21
